Date,Hour,DryBulb,DewPnt,WetBulb,Humidity,ElecPrice,SYSLoad
2006-01-01,-1.5860237196007456,0.5495506101794676,1.482030674448475,1.0572035322373625,0.8395295970918311,0.1790116746592638,-0.25211531959342737
2006-01-01,-1.513866134541567,0.5495506101794676,1.505767471719753,1.0572035322373625,0.8885790009856844,0.1790116746592638,-0.44521230671331885
2006-01-01,-1.4417085494823885,0.5091936651126044,1.482030674448475,1.0327708182961262,0.8885790009856844,0.1790116746592638,-0.6839202524465179
2006-01-01,-1.3695509644232098,0.4688367200457398,1.458293877177199,1.0083381043548878,0.8885790009856844,0.1790116746592638,-0.886887180262797
2006-01-01,-1.297393379364031,0.4688367200457398,1.458293877177199,1.0083381043548878,0.8885790009856844,0.8767186471620179,-1.0260484463100412
2006-01-01,-1.2252357943048526,0.4688367200457398,1.458293877177199,1.0083381043548878,0.8885790009856844,0.8767186471620179,-1.1470857989955983
2006-01-01,-1.153078209245674,0.42847977497887657,1.482030674448475,1.0083381043548878,0.9866778087733913,0.8767186471620179,-1.2396595794592642
2006-01-01,-1.0809206241864955,0.38812282991201197,1.505767471719753,1.0083381043548878,1.0847766165610981,0.07933925001603345,-1.2806485221286497
2006-01-01,-1.0087630391273168,0.38812282991201197,1.505767471719753,1.0083381043548878,1.0847766165610981,0.1790116746592638,-1.3067140133811277
2006-01-01,-0.9366054540681382,0.38812282991201197,1.505767471719753,1.0083381043548878,1.0847766165610981,0.1790116746592638,-1.3477760045911977
2006-01-01,-0.8644478690089596,0.4890151925791721,1.505767471719753,1.0572035322373625,0.9376284048795379,0.1790116746592638,-1.3429202589386886
2006-01-01,-0.7922902839497811,0.5899075552463323,1.505767471719753,1.106068960119839,0.7904801931979776,0.1790116746592638,-1.2762681313927737
2006-01-01,-0.7201326988906024,0.8724061707143804,1.529504268991031,1.2282325298260284,0.49618376885386967,0.1790116746592638,-1.1273470503474075
2006-01-01,-0.6479751138314238,1.1549047902181235,1.5532410662623088,1.350396099532218,0.20188734254778398,0.1790116746592638,-0.8931936885426808
2006-01-01,-0.5758175287722452,1.941865214986279,1.6719250526186968,1.716886808650786,-0.5338537119360647,0.1790116746592638,-0.5765398820489744
2006-01-01,-0.5036599437130667,2.728825643790128,1.7906090389750846,2.083377517769354,-1.269594770343866,-4.505592283573483,-0.2355354449816764
2006-01-01,-0.43150235865388803,-0.06589280209020879,0.15277002250957195,1.6435886668270732,-2.9863239115336757,0.3783565239457599,0.1594867562303624
2006-01-01,-0.35934477359470945,-0.06589280209020879,-1.485068984461222,1.2037998158847902,-0.14145848127573174,0.1790116746592638,0.5273792728797978
2006-01-01,-0.2871871885355308,-0.06589280209020879,-1.9123313353442186,1.2770979577085049,-0.14145848127573174,0.1790116746592638,0.8182687565875912
2006-01-01,-0.21502960347635225,-0.06589280209020879,-0.25075552635478776,1.350396099532218,-0.14145848127573174,0.1790116746592638,1.0910140993518205
2006-01-01,-0.14287201841717365,-0.06589280209020879,-0.25075552635478776,1.448126955297169,-0.14145848127573174,0.1790116746592638,1.265865814361292
2006-01-01,-0.07071443335799506,-0.06589280209020879,-0.25075552635478776,1.5458578110621202,-0.14145848127573174,0.1790116746592638,1.400022999155595
2006-01-01,0.001443151701183541,-0.06589280209020879,-0.25075552635478776,1.6435886668270732,-0.14145848127573174,0.1790116746592638,1.5242237231432962
2006-01-01,0.07360073676036213,-0.06589280209020879,-0.25075552635478776,1.7413195225920244,-0.14145848127573174,0.1790116746592638,1.5479091022615938
2006-01-01,0.14575832181954074,-0.06589280209020879,-0.25075552635478776,1.790184950474499,-0.14145848127573174,0.1790116746592638,1.6184415542642239
2006-01-01,0.21791590687871934,-0.06589280209020879,-0.25075552635478776,1.8390503783569754,-0.14145848127573174,0.1790116746592638,1.655381616037114
2006-01-01,0.29007349193789794,-0.06589280209020879,-0.25075552635478776,1.8634830922982137,-0.14145848127573174,0.1790116746592638,1.6990046416161988
2006-01-01,0.3622310769970765,-0.06589280209020879,-0.25075552635478776,1.8879158062394519,-0.14145848127573174,0.1790116746592638,1.6670169661394982
2006-01-01,0.43438866205625515,-0.06589280209020879,-0.25075552635478776,1.9367812341219266,-0.14145848127573174,0.1790116746592638,1.6968616439393067
2006-01-01,0.5065462471154337,-0.06589280209020879,-0.25075552635478776,1.985646662004403,-0.14145848127573174,0.1790116746592638,1.6947602206856998
2006-01-01,0.5787038321746123,-0.06589280209020879,-0.25075552635478776,1.8879158062394519,-0.14145848127573174,0.1790116746592638,1.7295348051957051
2006-01-01,0.6508614172337909,-0.06589280209020879,-0.25075552635478776,1.790184950474499,-0.14145848127573174,0.1790116746592638,1.7266501295166616
2006-01-01,0.7230190022929696,-0.06589280209020879,-0.25075552635478776,1.8390503783569754,-0.14145848127573174,0.1790116746592638,1.697267314836375
2006-01-01,0.7951765873521481,-0.06589280209020879,-0.25075552635478776,1.8879158062394519,-0.14145848127573174,0.1790116746592638,1.7602717418596854
2006-01-01,0.8673341724113267,-0.06589280209020879,-0.25075552635478776,1.7413195225920244,-0.14145848127573174,0.1790116746592638,1.7792542014490806
2006-01-01,0.9394917574705053,-0.06589280209020879,-0.25075552635478776,1.5947232389445967,-0.14145848127573174,0.1790116746592638,1.7684234573560689
2006-01-01,1.011649342529684,-0.06589280209020879,-0.25075552635478776,1.5947232389445967,-0.14145848127573174,0.1790116746592638,1.710100596277726
2006-01-01,1.0838069275888624,-0.06589280209020879,-2.1022257135144393,1.5947232389445967,-0.14145848127573174,0.1790116746592638,1.6908259560106456
2006-01-01,1.1559645126480411,-0.06589280209020879,-1.6987001599027207,1.5947232389445967,-0.14145848127573174,0.1790116746592638,1.7294729964480169
2006-01-01,1.2281220977072196,-0.06589280209020879,-1.295174606291001,1.5947232389445967,-0.14145848127573174,0.1790116746592638,1.8377209008621505
2006-01-01,1.3002796827663983,-0.0709374202235665,-0.5355970936101194,1.0327708182961262,-2.986323900742807,0.1790116746592638,1.6410121643751783
2006-01-01,1.372437267825577,1.0741908960487008,0.22398041907076385,0.4708183976476539,-0.9752983469807454,0.1790116746592638,1.2540349242249034
2006-01-01,1.4445948528847554,0.7916922805806526,0.2714540136133197,0.3975202558239409,-0.6810019226366374,0.1790116746592638,0.9810446052165631
2006-01-01,1.516752437943934,0.5091936651126044,0.31892760815587384,0.3242221140002262,-0.3867055002545044,0.1790116746592638,0.6463511669523254
2006-01-01,1.5889100230031126,0.3679443573785796,0.176506824528208,0.17762583035280033,-0.33765609636065097,0.1790116746592638,0.3620491324091036
2006-01-01,1.6610676080622913,0.22669504964455625,0.03408604090054388,0.031029546705372706,-0.28860669246679754,-0.4190228732002245,0.02000971065991135
2006-01-01,1.73322519312147,0.1661596320442593,-0.013387553642011963,-0.042268595118341974,-0.28860669246679754,-0.7180401471299863,-0.2308493885135322
2006-01-02,-1.658181304659924,0.10562421444396378,-0.0608611481845678,-0.11556673694205492,-0.28860669246679754,0.1790116746592638,-0.4383776360430483
2006-01-02,-1.5860237196007456,0.1258026869773961,-0.20328193181223195,-0.18886487876576788,-0.4357549041483578,0.1790116746592638,-0.6801006107354334
2006-01-02,-1.513866134541567,0.145981159510827,-0.3457027154398978,-0.26216302058948254,-0.5829031138679418,0.1790116746592638,-0.8367351362606568
2006-01-02,-1.4417085494823885,-0.03562509329006102,-0.22701872908350987,-0.26216302058948254,-0.23955728857294414,0.1790116746592638,-1.0349452110722228
2006-01-02,-1.3695509644232098,-0.21723134609094902,-0.10833474272712196,-0.26216302058948254,0.10378853868402978,0.1790116746592638,-1.1755673602803056
2006-01-02,-1.297393379364031,-0.3181237087581092,-0.22701872908350987,-0.38432659029567195,0.054739134790176364,0.1790116746592638,-1.2525243215329611
2006-01-02,-1.2252357943048526,-0.41901607142526937,-0.3457027154398978,-0.5064901600018613,0.0056897308963229426,0.1790116746592638,-1.3071073252256686
2006-01-02,-1.153078209245674,-0.5199084340924295,-0.3457027154398978,-0.555355587884336,0.1528379425778832,0.1790116746592638,-1.3565345475438875
2006-01-02,-1.0809206241864955,-0.6208007967595897,-0.3457027154398978,-0.6042210157668125,0.2999861562214198,0.1790116746592638,-1.363604087409858
2006-01-02,-1.0087630391273168,-0.6813362143598852,-0.1558083372696778,-0.5064901600018613,0.594282577622564,0.1790116746592638,-1.3238434039672005
2006-01-02,-0.9366054540681382,-0.7418716319601821,0.03408604090054388,-0.4087593042369102,0.8885790009856844,0.1790116746592638,-1.3212273033777902
2006-01-02,-0.8644478690089596,-0.9638348298279348,-0.0608611481845678,-0.5797883018255743,1.0847766175420857,0.1790116746592638,-1.226471196075537
2006-01-02,-0.7922902839497811,-1.185798027695686,-0.1558083372696778,-0.7508172994142401,1.2809742321365118,0.1790116746592638,-1.1804410815105768
2006-01-02,-0.7201326988906024,-1.2261549727625507,-0.25075552635478776,-0.8241154412379531,1.1828754243488049,0.1790116746592638,-1.06846681150792
2006-01-02,-0.6479751138314238,-1.2665119178294153,-0.3457027154398978,-0.8974135830616677,1.0847766165610981,0.1790116746592638,-0.9418219213767623
2006-01-02,-0.5758175287722452,-1.246333445295983,-0.3694395127111757,-0.8974135830616677,1.0357272126672448,0.1790116746592638,-0.8280676174264131
2006-01-02,-0.5036599437130667,-1.2261549727625507,-0.3931763099824536,-0.8974135830616677,0.9866778087733913,0.1790116746592638,-0.6100356383775607
2006-01-02,-0.43150235865388803,-1.185798027695686,-0.4406499045250078,-0.8974135830616677,0.8885790009856844,0.1790116746592638,-0.44884203840068887
2006-01-02,-0.35934477359470945,-1.1454410826288228,-0.48812349906756364,-0.8974135830616677,0.7904801931979776,-1.3160746949894746,-0.2557281882200391
2006-01-02,-0.2871871885355308,-1.064727192495095,-0.5355970936101194,-0.8974135830616677,0.6433319815164174,-0.7180401471299863,-0.12988678483872243
2006-01-02,-0.21502960347635225,-0.9840133023613656,-0.5830706881526736,-0.8974135830616677,0.4961837698348571,0.07933925001603345,-0.06699136425414623
2006-01-02,-0.14287201841717365,-0.9234778847610702,-0.4643867017962857,-0.7996827272967149,0.5452331737287105,0.8767186471620179,-0.022300767358763775
2006-01-02,-0.07071443335799506,-0.8629424671607746,-0.3457027154398978,-0.7019518715317637,0.594282577622564,0.8767186471620179,0.007832706370028782
2006-01-02,0.001443151701183541,-0.7418716319601821,-0.6305442826952294,-0.8241154412379531,0.15283794159689573,0.8767186471620179,-0.025848462716568127
2006-01-02,0.07360073676036213,-0.6208007967595897,-0.9153858499505594,-0.9462790109441425,-0.28860669246679754,0.8767186471620179,-0.03088737586550054
2006-01-02,0.14575832181954074,-0.43919454395870167,-0.7729650663228953,-0.7752500133554784,-0.33765609636065097,2.670822290740518,-0.04226988793695103
2006-01-02,0.21791590687871934,-0.2575882911578137,-0.6305442826952294,-0.6042210157668125,-0.38670550123549186,0.8767186471620179,-0.04395439375796572
2006-01-02,0.29007349193789794,-0.3786591263584047,-0.8441754581367273,-0.7752500133554784,-0.48480430804221125,0.8767186471620179,-0.05666742896758693
2006-01-02,0.3622310769970765,-0.4997299615589972,-1.0578066335782252,-0.9462790109441425,-0.582903115829918,1.27540834573501,-0.04931695495945507
2006-01-02,0.43438866205625515,-0.4997299615589972,-0.8679122554080053,-0.8485481551791914,-0.38670549927351694,1.1757359210917797,-0.04558046883746727
2006-01-02,0.5065462471154337,-0.4997299615589972,-0.6780178772377836,-0.7508172994142401,-0.19050788467909072,0.577701373232256,-0.04048986073178459
2006-01-02,0.5787038321746123,-0.4997299615589972,-0.8441754581367273,-0.8485481551791914,-0.33765609636065097,1.973115318237764,-0.039252606973649226
2006-01-02,0.6508614172337909,-0.4997299615589972,-1.010333039035671,-0.9462790109441425,-0.48480430804221125,0.1790116746592638,-0.02437184923955663
2006-01-02,0.7230190022929696,-0.5199084340924295,-0.9628594444931152,-0.9218462970029042,-0.4357549041483578,0.1790116746592638,0.0013778624897143902
2006-01-02,0.7951765873521481,-0.5400869066258618,-0.9153858499505594,-0.8974135830616677,-0.3867055002545044,0.1790116746592638,0.04688205318334868
2006-01-02,0.8673341724113267,-0.580443851692725,-0.8679122554080053,-0.8974135830616677,-0.28860669246679754,0.1790116746592638,-0.022569349190924834
2006-01-02,0.9394917574705053,-0.6208007967595897,-0.8204386608654495,-0.8974135830616677,-0.19050788467909072,2.8701671400270143,-0.03578245067970611
2006-01-02,1.011649342529684,-0.6611577418264543,-0.7254914717803395,-0.8485481551791914,-0.04335967299753048,-0.5186952978434902,-0.13173985384204506
2006-01-02,1.0838069275888624,-0.7015146868933175,-0.6305442826952294,-0.7996827272967149,0.10378853868402978,-0.5186952978434902,-0.20225770153055977
2006-01-02,1.1559645126480411,-0.7015146868933175,-0.6305442826952294,-0.7996827272967149,0.10378853868402978,-0.4190228732002245,-0.22294826578649396
2006-01-02,1.2281220977072196,-0.7015146868933175,-0.6305442826952294,-0.7996827272967149,0.10378853868402978,0.8767186471620179,-0.07212917005087478
2006-01-02,1.3002796827663983,-0.7418716319601821,-0.6068074854239516,-0.7996827272967149,0.1528379425778832,-0.4190228732002245,-0.19627707982229511
2006-01-02,1.372437267825577,-0.7822285770270454,-0.5830706881526736,-0.7996827272967149,0.20188734647173662,-0.7180401471299863,-0.33867475896983984
2006-01-02,1.4445948528847554,-0.8427639946273423,-0.5355970936101194,-0.7996827272967149,0.34903555815329684,-0.7180401471299863,-0.3206216421447224
2006-01-02,1.516752437943934,-0.9032994122276379,-0.48812349906756364,-0.7996827272967149,0.4961837708158446,-4.007230160357225,-0.3849048973494532
2006-01-02,1.5889100230031126,-0.9436563572945025,-0.4406499045250078,-0.7996827272967149,0.594282577622564,0.1790116746592638,-0.39028993139440793
2006-01-02,1.6610676080622913,-0.9840133023613656,-0.3931763099824536,-0.7996827272967149,0.6923813854102708,0.1790116746592638,-0.5085617218880668
2006-01-02,1.73322519312147,-0.9840133023613656,-0.3694395127111757,-0.7752500133554784,0.7414307893041242,-4.804609557503245,-0.6457946318722416
2006-01-03,-1.658181304659924,-0.9840133023613656,-0.3457027154398978,-0.7508172994142401,0.7904801931979776,0.1790116746592638,-0.7635528710321562
2006-01-03,-1.5860237196007456,-1.0243702474282304,-0.32196591816861986,-0.7508172994142401,0.8395295970918311,0.1790116746592638,-0.8884143626945018
2006-01-03,-1.513866134541567,-1.064727192495095,-0.2982291208973436,-0.7508172994142401,0.8885790009856844,0.1790116746592638,-1.034277700870286
2006-01-03,-1.4417085494823885,-1.0849056650285258,-0.2982291208973436,-0.7752500133554784,0.9376284048795379,0.1790116746592638,-1.2576947139640924
2006-01-03,-1.3695509644232098,-1.1050841375619582,-0.2982291208973436,-0.7996827272967149,0.9866778087733913,0.1790116746592638,-1.437620180761015
2006-01-03,-1.297393379364031,-1.1252626100953904,-0.25075552635478776,-0.7752500133554784,1.0357272126672448,0.1790116746592638,-1.5484493471260394
2006-01-03,-1.2252357943048526,-1.1454410826288228,-0.20328193181223195,-0.7508172994142401,1.0847766165610981,0.1790116746592638,-1.5783670667240053
2006-01-03,-1.153078209245674,-1.165619555162255,-0.2982291208973436,-0.8241154412379531,1.0357272126672448,0.1790116746592638,-1.5856388824087444
2006-01-03,-1.0809206241864955,-1.185798027695686,-0.3931763099824536,-0.8974135830616677,0.9866778087733913,0.1790116746592638,-1.5821473725308668
2006-01-03,-1.0087630391273168,-1.185798027695686,-0.32196591816861986,-0.8485481551791914,1.0357272126672448,0.1790116746592638,-1.5125116766581126
2006-01-03,-0.9366054540681382,-1.185798027695686,-0.25075552635478776,-0.7996827272967149,1.0847766165610981,0.1790116746592638,-1.3964424405849176
2006-01-03,-0.8644478690089596,-1.165619555162255,-0.17954513454095572,-0.7508172994142401,1.1828754243488049,0.1790116746592638,-1.1330680847549193
2006-01-03,-0.7922902839497811,-1.1454410826288228,-0.10833474272712196,-0.7019518715317637,1.2809742321365118,0.1790116746592638,-0.8580988339862905
2006-01-03,-0.7201326988906024,-1.0445487199616625,-0.1558083372696778,-0.6775191575905255,1.0847766155801106,0.1790116746592638,-0.6062058828755374
2006-01-03,-0.6479751138314238,-0.9436563532588076,-0.20328193181223195,-0.653086443649289,0.8885789980427207,0.1790116746592638,-0.30197181165423737
2006-01-03,-0.5758175287722452,-0.5199084340924295,-0.10833474272712196,-0.4087593042369102,0.4471343659410037,-0.7180401471299863,0.029921225779582755
2006-01-03,-0.5036599437130667,-0.09616051089035654,-0.013387553642011963,-0.16443216482453138,0.0056897308963229426,0.3783565239457599,0.33624997772719867
2006-01-03,-0.43150235865388803,0.4890151925791721,-0.2744923236260657,-0.06670130905957847,-0.8281501372611615,0.1790116746592638,0.6524913640540164
2006-01-03,-0.35934477359470945,1.0741908960487008,-0.5355970936101194,0.031029546705372706,-1.6619900014946933,0.1790116746592638,0.8024238174507005
2006-01-03,-0.2871871885355308,1.800615911287949,-2.0547521237192434,-0.38432659029567195,-0.14145848103048453,0.1790116746592638,0.9444551548628727
2006-01-03,-0.21502960347635225,2.5270409224915027,-0.25075552635478776,-0.7996827272967149,-0.14145848127573174,0.1790116746592638,1.0588252740584092
2006-01-03,-0.14287201841717365,-0.07345972929024465,-0.25075552635478776,-0.5064901600018613,-0.14145848127573174,0.1790116746592638,1.153157728143306
2006-01-03,-0.07071443335799506,-0.0709374202235665,-0.25075552635478776,-0.2132975927070061,-0.14145848127573174,0.1790116746592638,1.2207313366666757
2006-01-03,0.001443151701183541,2.809539533923856,-0.25075552635478776,-0.31102844847195726,-0.14145848127573174,0.1790116746592638,1.2985794307814438
2006-01-03,0.07360073676036213,2.3656131381883507,-0.25075552635478776,-0.4087593042369102,-0.14145848127573174,0.1790116746592638,1.3078942322357483
2006-01-03,0.14575832181954074,2.16382841285403,-1.8885945380729408,-0.18886487876576788,-0.14145848103048453,0.1790116746592638,1.384973678239195
2006-01-03,0.21791590687871934,1.9620436875197098,-1.2477010117484462,0.031029546705372706,-2.839175693966187,0.1790116746592638,1.4488445200195652
2006-01-03,0.29007349193789794,1.8611513248525497,-0.9865962417643932,0.1287604024703239,-2.5939286754779083,0.1790116746592638,1.5312775326930939
2006-01-03,0.3622310769970765,1.7602589621853897,-0.7254914717803395,0.22649125823527505,-2.348681656008641,0.1790116746592638,1.5420419775152412
2006-01-03,0.43438866205625515,1.7199020171185264,-0.5593338908813957,0.29978940005898974,-2.201533444327081,0.1790116746592638,1.5237023032802013
2006-01-03,0.5065462471154337,1.6795450720516618,-0.3931763099824536,0.37308754188270266,-2.0543852326455205,0.1790116746592638,1.539912464892934
2006-01-03,0.5787038321746123,1.5786527093845015,-0.22701872908350987,0.42195296976517915,-1.8581876160891189,0.1790116746592638,1.5209153942468951
2006-01-03,0.6508614172337909,1.4777603426816466,-0.0608611481845678,0.4708183976476539,-1.6619900005137052,0.1790116746592638,1.4964849658627992
2006-01-03,0.7230190022929696,1.1145478411155654,-0.2982291208973436,0.17762583035280033,-1.514841789813133,0.1790116746592638,1.3839420715634738
2006-01-03,0.7951765873521481,0.751335335513788,-0.5355970936101194,-0.11556673694205492,-1.3676935781315727,0.1790116746592638,1.2538495047243654
2006-01-03,0.8673341724113267,0.42847977497887657,-0.7254914717803395,-0.3598938763544337,-1.2205453664500125,0.1790116746592638,0.977811563379908
2006-01-03,0.9394917574705053,0.10562421444396378,-0.9153858499505594,-0.6042210157668125,-1.0733971547684522,0.1790116746592638,0.8389907882183983
2006-01-03,1.011649342529684,-0.03562509329006102,-0.8916490526792832,-0.653086443649289,-0.926248943086892,2.1724601675242603,0.6026135184092715
2006-01-03,1.0838069275888624,-0.1768744010240844,-0.8679122554080053,-0.7019518715317637,-0.7791007314053318,0.577701373232256,0.40548112196241576
2006-01-03,1.1559645126480411,-0.2979452362246769,-1.0340698363069474,-0.8485481551791914,-0.7791007314053318,0.8767186471620179,0.38071357395623107
2006-01-03,1.2281220977072196,-0.41901607142526937,-1.200227417205891,-0.995144438826619,-0.7791007314053318,0.1790116746592638,0.3912420303231479
2006-01-03,1.3002796827663983,-0.5199084340924295,-1.271437809019724,-1.09287529459157,-0.7300513275114783,0.1790116746592638,0.2384361342978902
2006-01-03,1.372437267825577,-0.6208007967595897,-1.342648200833557,-1.1906061503565213,-0.6810019236176249,0.1790116746592638,0.04380746073806297
2006-01-03,1.4445948528847554,-0.6208007967595897,-1.223964214477169,-1.1173080085328084,-0.582903115829918,-0.3193504485569941,0.03327114258432319
2006-01-03,1.516752437943934,-0.6208007967595897,-1.1052802281207812,-1.0440098667090936,-0.48480430804221125,-0.020333174627232303,-0.08620306977147964
2006-01-03,1.5889100230031126,-0.640979269293022,-1.1764906199346132,-1.09287529459157,-0.5338537119360647,0.1790116746592638,-0.13659897075820102
2006-01-03,1.6610676080622913,-0.6611577418264543,-1.2477010117484462,-1.1417407224740466,-0.582903115829918,-0.4190228732002245,-0.25393692122187705
2006-01-03,1.73322519312147,-0.7015146868933175,-1.295174606291001,-1.1906061503565213,-0.582903115829918,-0.4190228732002245,-0.4088228869168081
2006-01-04,-1.658181304659924,-0.7418716319601821,-1.342648200833557,-1.2394715782389978,-0.582903115829918,-1.1167298457029786,-0.5803662662873514
2006-01-04,-1.5860237196007456,-0.7418716319601821,-1.342648200833557,-1.2394715782389978,-0.582903115829918,-2.013781667492229,-0.7059031366809846
2006-01-04,-1.513866134541567,-0.7418716319601821,-1.342648200833557,-1.2394715782389978,-0.582903115829918,-3.409195612497737,-0.8588045540903928
2006-01-04,-1.4417085494823885,-0.6813362143598852,-1.295174606291001,-1.1906061503565213,-0.582903115829918,-3.6085404617842327,-1.0885314467277287
2006-01-04,-1.3695509644232098,-0.6208007967595897,-1.2477010117484462,-1.1417407224740466,-0.582903115829918,0.1790116746592638,-1.2786965604775304
2006-01-04,-1.297393379364031,-0.7015146868933175,-1.271437809019724,-1.1906061503565213,-0.5338537119360647,0.1790116746592638,-1.3855173011098134
2006-01-04,-1.2252357943048526,-0.7822285770270454,-1.295174606291001,-1.2394715782389978,-0.48480430804221125,0.1790116746592638,-1.4392350160475196
2006-01-04,-1.153078209245674,-0.8427639946273423,-1.4375953899186669,-1.337202434003949,-0.5338537119360647,0.1790116746592638,-1.452495315227346
2006-01-04,-1.0809206241864955,-0.9032994122276379,-1.5800161735463327,-1.4349332897689,-0.582903115829918,0.1790116746592638,-1.4410004321960423
2006-01-04,-1.0087630391273168,-0.9436563572945025,-1.6749633626314426,-1.5082314315926149,-0.6319525197237715,0.1790116746592638,-1.3248311842155216
2006-01-04,-0.9366054540681382,-0.9840133023613656,-1.7699105517165528,-1.5815295734163277,-0.6810019236176249,0.1790116746592638,-1.1987133304726931
2006-01-04,-0.8644478690089596,-1.0849056650285258,-1.8411209435303857,-1.679260429181279,-0.6810019236176249,0.1790116746592638,-0.9384472864669692
2006-01-04,-0.7922902839497811,-1.185798027695686,-1.9123313353442186,-1.7769912849462302,-0.6810019236176249,0.1790116746592638,-0.7106206605240023
2006-01-04,-0.7201326988906024,-1.1050841375619582,-2.1022257135144393,-1.8258567128287064,-0.9262489440678795,-4.505592283573483,-0.5044746310894059
2006-01-04,-0.6479751138314238,-1.0243702474282304,-0.25075552635478776,-1.874722140711183,-1.1714959625561592,-1.5154195442759708,-0.2548235635608141
2006-01-04,-0.5758175287722452,-0.9840133023613656,-2.2209096998708273,-1.8258567128287064,-1.1224465586623056,-0.7180401471299863,-0.03446878385976587
2006-01-04,-0.5036599437130667,-0.9436563572945025,-2.1496993080569946,-1.7769912849462302,-1.0733971547684522,0.577701373232256,0.15373425444797764
2006-01-04,-0.43150235865388803,-1.004191774894798,-2.1259625107857163,-1.7769912849462302,-1.0243477508745988,1.3750807703782757,0.38429497520796924
2006-01-04,-0.35934477359470945,-1.064727192495095,-2.1022257135144393,-1.7769912849462302,-0.9752983469807454,0.1790116746592638,0.43831835587794427
2006-01-04,-0.2871871885355308,-1.1252626100953904,-2.0072785244293287,-1.7769912849462302,-0.8281501352991851,0.1790116746592638,0.48254146638604295
2006-01-04,-0.21502960347635225,-1.185798027695686,-1.9123313353442186,-1.7769912849462302,-0.6810019236176249,0.1790116746592638,0.490832529693976
2006-01-04,-0.14287201841717365,-1.1454410826288228,-1.9123313353442186,-1.7525585710049936,-0.7300513275114783,0.1790116746592638,0.47562363338414915
2006-01-04,-0.07071443335799506,-1.1050841375619582,-1.9123313353442186,-1.7281258570637554,-0.7791007314053318,0.1790116746592638,0.45734576789679865
2006-01-04,0.001443151701183541,-1.0849056650285258,-1.8411209435303857,-1.679260429181279,-0.7300513275114783,0.1790116746592638,0.37197076131971424
2006-01-04,0.07360073676036213,-1.064727192495095,-1.7699105517165528,-1.6303950012988042,-0.6810019236176249,0.1790116746592638,0.3793302298592537
2006-01-04,0.14575832181954074,-1.0243702474282304,-1.6749633626314426,-1.5570968594750896,-0.6319525197237715,0.1790116746592638,0.4245579769339028
2006-01-04,0.21791590687871934,-0.9840133023613656,-1.5800161735463327,-1.4837987176513765,-0.582903115829918,0.1790116746592638,0.3727675055422627
2006-01-04,0.29007349193789794,-0.9436563572945025,-1.5800161735463327,-1.4593660037101384,-0.582903115829918,1.7737704689512679,0.33515094577855525
2006-01-04,0.3622310769970765,-0.9032994122276379,-1.5800161735463327,-1.4349332897689,-0.582903115829918,-0.5186952978434902,0.32119054301985944
2006-01-04,0.43438866205625515,-0.9234778847610702,-1.6512265653601648,-1.4837987176513765,-0.6319525197237715,-0.7180401471299863,0.3041386914976486
2006-01-04,0.5065462471154337,-0.9436563572945025,-1.7224369571739977,-1.5326641455338512,-0.6810019236176249,0.07933925001603345,0.3396729295875688
2006-01-04,0.5787038321746123,-0.8831209396942055,-1.7224369571739977,-1.5082314315926149,-0.7791007314053318,-0.6183677224867206,0.35727317782457146
2006-01-04,0.6508614172337909,-0.82258552209391,-1.7224369571739977,-1.4837987176513765,-0.8771995391930386,-0.7180401471299863,0.32194233481295126
2006-01-04,0.7230190022929696,-0.7418716319601821,-1.6512265653601648,-1.4105005758276619,-0.8771995391930386,0.1790116746592638,0.32651713958077266
2006-01-04,0.7951765873521481,-0.6611577418264543,-1.5800161735463327,-1.337202434003949,-0.8771995391930386,-0.7180401471299863,0.26973606524824933
2006-01-04,0.8673341724113267,-0.6813362143598852,-1.6512265653601648,-1.3860678618864253,-0.926248943086892,-0.7180401471299863,0.12321420465940937
2006-01-04,0.9394917574705053,-0.7015146868933175,-1.7224369571739977,-1.4349332897689,-0.9752983469807454,-0.7180401471299863,0.0745219245585779
2006-01-04,1.011649342529684,-0.7418716319601821,-1.6987001599027207,-1.4349332897689,-0.926248943086892,-2.3127989414219905,-0.06895905622143855
2006-01-04,1.0838069275888624,-0.7822285770270454,-1.6749633626314426,-1.4349332897689,-0.8771995382120511,0.1790116746592638,-0.17870605369857676
2006-01-04,1.1559645126480411,-0.7822285770270454,-1.5800161735463327,-1.3860678618864253,-0.7791007314053318,-0.7180401471299863,-0.09666972413323656
2006-01-04,1.2281220977072196,-0.7822285770270454,-1.485068984461222,-1.337202434003949,-0.6810019236176249,-0.7180401471299863,-0.039414427628664137
2006-01-04,1.3002796827663983,-0.7822285770270454,-1.4375953899186669,-1.3127697200627106,-0.6319525197237715,-0.4190228732002245,-0.14975813202864338
2006-01-04,1.372437267825577,-0.7822285770270454,-1.390121795376112,-1.2883370061214725,-0.582903115829918,-1.5154195442759708,-0.3042092047132212
2006-01-04,1.4445948528847554,-0.8024070495604777,-1.342648200833557,-1.263904292180236,-0.5338537119360647,-0.7180401471299863,-0.23721096301381184
2006-01-04,1.516752437943934,-0.82258552209391,-1.295174606291001,-1.2394715782389978,-0.4848043070612238,-1.3160746949894746,-0.3092807112390841
2006-01-04,1.5889100230031126,-0.8629424671607746,-1.200227417205891,-1.2150388642977594,-0.33765609636065097,-0.4190228732002245,-0.3073208810586147
2006-01-04,1.6610676080622913,-0.9032994122276379,-1.1052802281207812,-1.1906061503565213,-0.19050788467909072,-1.0170574210597483,-0.3875131294095133
2006-01-04,1.73322519312147,-1.064727192495095,-0.9628594444931152,-1.1661734364152831,0.15283794355887065,-0.4190228732002245,-0.5108114807421045
2006-01-05,-1.658181304659924,-1.2261549727625507,-0.8204386608654495,-1.1417407224740466,0.4961837698348571,-2.9108334892814787,-0.6200797520389633
2006-01-05,-1.5860237196007456,-1.2866903903628462,-0.7492282690516173,-1.1417407224740466,0.6923813863912582,0.1790116746592638,-0.7527412285189623
2006-01-05,-1.513866134541567,-1.3472258079631432,-0.6780178772377836,-1.1417407224740466,0.8885790019666719,-4.804609557503245,-0.8903798094002054
2006-01-05,-1.4417085494823885,-1.3875827530300062,-0.48812349906756364,-1.0440098667090936,1.1338260204549515,0.1790116746592638,-1.1290630235432964
2006-01-05,-1.3695509644232098,-1.427939698096871,-0.2982291208973436,-0.9462790109441425,1.3790730399242186,0.1790116746592638,-1.334269596422675
2006-01-05,-1.297393379364031,-1.4884751156971665,-0.3694395127111757,-1.0195771527678572,1.3790730399242186,0.1790116746592638,-1.481630901659406
2006-01-05,-1.2252357943048526,-1.5490105332974635,-0.4406499045250078,-1.09287529459157,1.3790730399242186,0.1790116746592638,-1.5509418369625996
2006-01-05,-1.153078209245674,-1.5691890058308957,-0.41691310725373154,-1.09287529459157,1.4771718477119256,0.1790116746592638,-1.5671598603621553
2006-01-05,-1.0809206241864955,-1.5893674783643266,-0.3931763099824536,-1.09287529459157,1.5752706554996323,0.1790116746592638,-1.5449421069319886
2006-01-05,-1.0087630391273168,-1.6297244234311914,-0.41691310725373154,-1.1173080085328084,1.5752706554996323,0.1790116746592638,-1.4472574975232917
2006-01-05,-0.9366054540681382,-1.670081368498056,-0.4406499045250078,-1.1417407224740466,1.5752706554996323,0.1790116746592638,-1.3086524899776621
2006-01-05,-0.8644478690089596,-1.5490105332974635,-0.25075552635478776,-0.9707117248853807,1.6243200593934857,0.1790116746592638,-1.046219842706996
2006-01-05,-0.7922902839497811,-1.427939698096871,-0.0608611481845678,-0.7996827272967149,1.673369463287339,0.1790116746592638,-0.7939448128021711
2006-01-05,-0.7201326988906024,-1.2059765002291183,0.08155963544309804,-0.6042210157668125,1.526221251605779,0.1790116746592638,-0.5598307801591397
2006-01-05,-0.6479751138314238,-0.9840133023613656,0.22398041907076385,-0.4087593042369102,1.379073038943231,0.1790116746592638,-0.2981544152047409
2006-01-05,-0.5758175287722452,-0.9032994122276379,0.22398041907076385,-0.3598938763544337,1.2809742321365118,-2.6118162153517526,-0.07268093128678511
2006-01-05,-0.5036599437130667,-0.82258552209391,0.22398041907076385,-0.31102844847195726,1.1828754243488049,0.07933925001603345,0.042154422291920006
2006-01-05,-0.43150235865388803,-0.6813362143598852,0.22398041907076385,-0.26216302058948254,0.9866778077924039,0.6773737978755218,0.3032115939949582
2006-01-05,-0.35934477359470945,-0.5400869066258618,0.22398041907076385,-0.2132975927070061,0.7904801931979776,0.8767186471620179,0.43365027498756165
2006-01-05,-0.2871871885355308,-0.4997299615589972,-0.25075552635478776,-0.4820574460606231,0.2509367484036137,0.6773737978755218,0.473817762071873
2006-01-05,-0.21502960347635225,-0.45937301649213397,-0.7254914717803395,-0.7508172994142401,-0.28860669050482124,1.3750807703782757,0.5114489261496957
2006-01-05,-0.14287201841717365,-0.43919454395870167,-0.3931763099824536,-0.5309228739430996,0.054739134790176364,0.577701373232256,0.5087519152327782
2006-01-05,-0.07071443335799506,-0.41901607142526937,-0.0608611481845678,-0.31102844847195726,0.39808496204715027,0.8767186471620179,0.4828437541121391
2006-01-05,0.001443151701183541,-0.6813362143598852,-0.32196591816861986,-0.6042210157668125,0.39808496204715027,0.7770462225187521,0.4680956016623036
2006-01-05,0.07360073676036213,-0.9436563572945025,-0.5830706881526736,-0.8974135830616677,0.39808496204715027,0.6773737978755218,0.4367136343823788
2006-01-05,0.14575832181954074,-0.9840133023613656,-0.6068074854239516,-0.9218462970029042,0.4471343659410037,0.7770462225187521,0.45315640644416827
2006-01-05,0.21791590687871934,-1.0243702474282304,-0.6305442826952294,-0.9462790109441425,0.4961837708158446,0.577701373232256,0.425553625711574
2006-01-05,0.29007349193789794,-1.1050841375619582,-0.48812349906756364,-0.8974135830616677,0.7414307893041242,-4.007230160357225,0.3654305098461886
2006-01-05,0.3622310769970765,-1.185798027695686,-0.3457027154398978,-0.8485481551791914,0.9866778087733913,0.07933925001603345,0.3812394910850304
2006-01-05,0.43438866205625515,-1.2665119178294153,-0.3694395127111757,-0.8974135830616677,1.0847766165610981,1.1757359210917797,0.35200838326882067
2006-01-05,0.5065462471154337,-1.3472258079631432,-0.3931763099824536,-0.9462790109441425,1.1828754243488049,0.1790116746592638,0.3551717545709632
2006-01-05,0.5787038321746123,-1.3875827530300062,-0.41691310725373154,-0.995144438826619,1.2319248282426585,0.1790116746592638,0.35153416109677155
2006-01-05,0.6508614172337909,-1.427939698096871,-0.4406499045250078,-1.0440098667090936,1.2809742331174994,0.1790116746592638,0.40193230734507973
2006-01-05,0.7230190022929696,-1.4481181706303032,-0.3694395127111757,-0.995144438826619,1.3790730399242186,1.1757359210917797,0.4144014855701204
2006-01-05,0.7951765873521481,-1.4682966431637356,-0.2982291208973436,-0.9462790109441425,1.4771718477119256,1.973115318237764,0.4434482931453228
2006-01-05,0.8673341724113267,-1.4682966431637356,-0.32196591816861986,-0.9707117248853807,1.428122443818072,0.7770462225187521,0.32977827078612665
2006-01-05,0.9394917574705053,-1.4682966431637356,-0.3457027154398978,-0.995144438826619,1.3790730399242186,0.2786840993025295,0.25938179533140177
2006-01-05,1.011649342529684,-1.4682966431637356,-0.3457027154398978,-0.995144438826619,1.3790730399242186,-0.7180401471299863,0.1388883353524036
2006-01-05,1.0838069275888624,-1.4682966431637356,-0.3457027154398978,-0.995144438826619,1.379073040905206,-0.2196780239137284,0.061723481755745435
2006-01-05,1.1559645126480411,-1.4481181706303032,-0.25075552635478776,-0.9218462970029042,1.4771718477119256,0.7770462225187521,0.06304051983933127
2006-01-05,1.2281220977072196,-1.427939698096871,-0.1558083372696778,-0.8485481551791914,1.5752706554996323,-0.7180401471299863,0.10479699136050805
2006-01-05,1.3002796827663983,-1.3674042804965754,-0.03712435091328988,-0.7508172994142401,1.6243200593934857,-0.2196780239137284,-0.09821039161952563
2006-01-05,1.372437267825577,-1.3068688628962786,0.08155963544309804,-0.653086443649289,1.673369463287339,-0.9173849964164824,-0.25443137771833063
2006-01-05,1.4445948528847554,-1.2059765002291183,0.20024362179948593,-0.5309228739430996,1.673369463287339,-0.7180401471299863,-0.2110375913246567
2006-01-05,1.516752437943934,-1.1050841375619582,0.31892760815587384,-0.4087593042369102,1.673369463287339,0.1790116746592638,-0.3793602946535994
2006-01-05,1.5889100230031126,-1.0849056650285258,0.2714540136133197,-0.4331920181781467,1.6243200593934857,-0.7180401471299863,-0.2909118216332868
2006-01-05,1.6610676080622913,-1.064727192495095,0.22398041907076385,-0.45762473211938487,1.5752706554996323,-4.505592283573483,-0.36754513483338486
2006-01-05,1.73322519312147,-0.9234778847610702,0.34266440542715176,-0.31102844847195726,1.4771718477119256,-1.5154195442759708,-0.4438761670499139
2006-01-06,-1.658181304659924,-0.7822285770270454,0.4613483917835397,-0.16443216482453138,1.3790730399242186,0.1790116746592638,-0.5738383806088801
2006-01-06,-1.5860237196007456,-0.9032994122276379,0.5088219863260955,-0.18886487876576788,1.6243200603744732,0.1790116746592638,-0.6983245360044463
2006-01-06,-1.513866134541567,-1.0243702474282304,0.5562955808686497,-0.2132975927070061,1.8695670788627528,0.1790116746592638,-0.8845688701337786
2006-01-06,-1.4417085494823885,-0.9840133023613656,0.6037691754112056,-0.16443216482453138,1.8695670788627528,0.1790116746592638,-1.106847522117246
2006-01-06,-1.3695509644232098,-0.9436563572945025,0.6512427699537596,-0.11556673694205492,1.8695670788627528,0.1790116746592638,-1.3577909028818425
2006-01-06,-1.297393379364031,-0.9840133023613656,0.6037691754112056,-0.16443216482453138,1.8695670788627528,0.1790116746592638,-1.4793125982729147
2006-01-06,-1.2252357943048526,-1.0243702474282304,0.5562955808686497,-0.2132975927070061,1.8695670788627528,0.1790116746592638,-1.5414955562260961
2006-01-06,-1.153078209245674,-0.9840133023613656,0.5562955808686497,-0.18886487876576788,1.8205176749688994,0.1790116746592638,-1.5397851995554415
2006-01-06,-1.0809206241864955,-0.9436563572945025,0.5562955808686497,-0.16443216482453138,1.771468271075046,0.1790116746592638,-1.518097860519778
2006-01-06,-1.0087630391273168,-0.8831209396942055,0.5800323781399276,-0.11556673694205492,1.7224188671811926,0.1790116746592638,-1.4248374682743559
2006-01-06,-0.9366054540681382,-0.82258552209391,0.6037691754112056,-0.06670130905957847,1.673369463287339,0.1790116746592638,-1.2934121262929619
2006-01-06,-0.8644478690089596,-0.6813362143598852,0.41387479724098386,-0.13999945088329316,1.231924827261671,0.1790116746592638,-1.0233076089657234
2006-01-06,-0.7922902839497811,-0.5400869066258618,0.22398041907076385,-0.2132975927070061,0.7904801931979776,0.1790116746592638,-0.7795135523925465
2006-01-06,-0.7201326988906024,-0.398837598891837,0.20024362179948593,-0.16443216482453138,0.5942825766415765,0.1790116746592638,-0.5508913082290882
2006-01-06,-0.6479751138314238,-0.2575882911578137,0.176506824528208,-0.11556673694205492,0.3980849610661628,0.1790116746592638,-0.3112079480426224
2006-01-06,-0.5758175287722452,-0.11633898342378886,0.08155963544309804,-0.11556673694205492,0.1528379425778832,0.1790116746592638,-0.016316774386852875
2006-01-06,-0.5036599437130667,0.02491032431023594,-0.013387553642011963,-0.11556673694205492,-0.09240907689138389,-0.7180401471299863,0.2130718658838102
2006-01-06,-0.43150235865388803,0.2670519947114195,-0.013387553642011963,-0.01783588117710375,-0.38670550123549186,0.6773737978755218,0.4465734545453012
2006-01-06,-0.35934477359470945,0.5091936651126044,-0.013387553642011963,0.07989497458784742,-0.6810019236176249,0.8767186471620179,0.553472853500976
2006-01-06,-0.2871871885355308,0.5495506101794676,-0.22701872908350987,-0.01783588117710375,-0.9262489440678795,0.1790116746592638,0.6515002125420496
2006-01-06,-0.21502960347635225,0.5899075552463323,-0.4406499045250078,-0.11556673694205492,-1.1714959615751717,0.1790116746592638,0.678568088356964
2006-01-06,-0.14287201841717365,0.5899075552463323,-0.2744923236260657,-0.01783588117710375,-1.0243477508745988,0.1790116746592638,0.648542488322321
2006-01-06,-0.07071443335799506,0.5899075552463323,-0.10833474272712196,0.07989497458784742,-0.8771995391930386,0.1790116746592638,0.7159891148291956
2006-01-06,0.001443151701183541,0.42847977497887657,-0.03712435091328988,0.05546226064661093,-0.631952518742784,0.1790116746592638,0.7058921802089851
2006-01-06,0.07360073676036213,0.2670519947114195,0.03408604090054388,0.031029546705372706,-0.3867055002545044,0.1790116746592638,0.7366279908709066
2006-01-06,0.14575832181954074,0.40830130244544427,-0.013387553642011963,0.05546226064661093,-0.5829031168109056,0.1790116746592638,0.7551463420791921
2006-01-06,0.21791590687871934,0.5495506101794676,-0.0608611481845678,0.07989497458784742,-0.779100733367308,0.1790116746592638,0.7627564033880763
2006-01-06,0.29007349193789794,0.8925846432478127,-0.03712435091328988,0.2509239721765133,-1.0733971547684522,0.1790116746592638,0.7781900483601379
2006-01-06,0.3622310769970765,1.2356186763161578,-0.013387553642011963,0.42195296976517915,-1.3676935781315727,0.1790116746592638,0.8108755754115908
2006-01-06,0.43438866205625515,1.3768679840501812,0.10529643271437596,0.5441165394713685,-1.4167429820254263,0.1790116746592638,0.8252472723351145
2006-01-06,0.5065462471154337,1.518117291784206,0.22398041907076385,0.666280109177558,-1.4657923859192796,0.1790116746592638,0.8262226935309096
2006-01-06,0.5787038321746123,1.0741908960487008,0.24771721634204177,0.49525111158889207,-0.975298345999758,0.1790116746592638,0.8674352656029977
2006-01-06,0.6508614172337909,0.6302645003131969,0.2714540136133197,0.3242221140002262,-0.48480430804221125,0.1790116746592638,0.8300951494582742
2006-01-06,0.7230190022929696,0.6100860277797646,0.34266440542715176,0.34865482794146446,-0.4357549041483578,0.1790116746592638,0.7874149516980539
2006-01-06,0.7951765873521481,0.5899075552463323,0.41387479724098386,0.37308754188270266,-0.3867055002545044,0.1790116746592638,0.6859444132147328
2006-01-06,0.8673341724113267,0.3679443573785796,0.5088219863260955,0.34865482794146446,0.005689731877310405,0.1790116746592638,0.4838427741534559
2006-01-06,0.9394917574705053,0.145981159510827,0.6037691754112056,0.3242221140002262,0.39808496204715027,0.8767186471620179,0.36465624520963263
2006-01-06,1.011649342529684,-0.055803565823493335,0.3901379999697076,0.10432768852908565,0.39808496204715027,-0.4190228732002245,0.20367390884041087
2006-01-06,1.0838069275888624,-0.2575882911578137,0.176506824528208,-0.11556673694205492,0.3980849610661628,-0.7180401471299863,0.09665876091870941
2006-01-06,1.1559645126480411,-0.398837598891837,-0.10833474272712196,-0.3598938763544337,0.25093675036559004,-0.7180401471299863,0.058772500063309245
2006-01-06,1.2281220977072196,-0.5400869066258618,-0.3931763099824536,-0.6042210157668125,0.10378853868402978,-0.7180401471299863,0.044191784793723536
2006-01-06,1.3002796827663983,-0.5602653791592942,-0.3931763099824536,-0.6042210157668125,0.1528379425778832,-0.2196780239137284,-0.07452838376487352
2006-01-06,1.372437267825577,-0.580443851692725,-0.3931763099824536,-0.6042210157668125,0.20188734647173662,-3.2098507632112407,-0.24882046900908403
2006-01-06,1.4445948528847554,-0.6611577418264543,-0.5355970936101194,-0.7263845854730019,0.1528379425778832,-4.007230160357225,-0.16504681266391946
2006-01-06,1.516752437943934,-0.7418716319601821,-0.6780178772377836,-0.8485481551791914,0.10378853868402978,0.1790116746592638,-0.19905050380101635
2006-01-06,1.5889100230031126,-0.7216931594267498,-0.6068074854239516,-0.7996827272967149,0.1528379425778832,-2.6118162153517526,-0.16492207590901237
2006-01-06,1.6610676080622913,-0.7015146868933175,-0.5355970936101194,-0.7508172994142401,0.20188734647173662,0.1790116746592638,-0.2641754489152257
2006-01-06,1.73322519312147,-0.7822285770270454,-0.22701872908350987,-0.6042210157668125,0.6433319824974049,-2.3127989414219905,-0.38271020471581146
2006-01-07,-1.658181304659924,-0.8629424671607746,0.08155963544309804,-0.45762473211938487,1.0847766165610981,0.1790116746592638,-0.5173517322156301
2006-01-07,-1.5860237196007456,-0.9436563572945025,0.12903322998565386,-0.45762473211938487,1.2319248282426585,0.1790116746592638,-0.6717016669908238
2006-01-07,-1.513866134541567,-1.0243702474282304,0.176506824528208,-0.45762473211938487,1.3790730399242186,0.1790116746592638,-0.8781724637375075
2006-01-07,-1.4417085494823885,-1.0849056650285258,0.10529643271437596,-0.5309228739430996,1.3790730399242186,0.1790116746592638,-1.108999514325545
2006-01-07,-1.3695509644232098,-1.1454410826288228,0.03408604090054388,-0.6042210157668125,1.3790730399242186,0.1790116746592638,-1.3174031644010018
2006-01-07,-1.297393379364031,-1.2059765002291183,-0.0608611481845678,-0.6775191575905255,1.3790730399242186,0.1790116746592638,-1.4400171492134255
2006-01-07,-1.2252357943048526,-1.2665119178294153,-0.1558083372696778,-0.7508172994142401,1.3790730399242186,0.1790116746592638,-1.5347991006227903
2006-01-07,-1.153078209245674,-1.246333445295983,-0.22701872908350987,-0.7996827272967149,1.2319248282426585,0.1790116746592638,-1.5855624626044136
2006-01-07,-1.0809206241864955,-1.2261549727625507,-0.2982291208973436,-0.8485481551791914,1.0847766155801106,0.1790116746592638,-1.6230812557223837
2006-01-07,-1.0087630391273168,-1.1252626100953904,-0.3694395127111757,-0.8485481551791914,0.8885790009856844,0.1790116746592638,-1.5458287492709255
2006-01-07,-0.9366054540681382,-1.0243702474282304,-0.4406499045250078,-0.8485481551791914,0.6923813854102708,0.1790116746592638,-1.4982759562824914
2006-01-07,-0.8644478690089596,-0.8831209396942055,-0.48812349906756364,-0.7996827272967149,0.44713436496001624,0.1790116746592638,-1.463875582037208
2006-01-07,-0.7922902839497811,-0.7418716319601821,-0.5355970936101194,-0.7508172994142401,0.20188734647173662,0.1790116746592638,-1.3625050554612141
2006-01-07,-0.7201326988906024,-0.43919454395870167,-0.6068074854239516,-0.653086443649289,-0.1905078856600782,0.1790116746592638,-1.1775755074113519
2006-01-07,-0.6479751138314238,-0.13651745595722117,-0.6780178772377836,-0.555355587884336,-0.5829031168109056,0.1790116746592638,-0.9318890526731555
2006-01-07,-0.5758175287722452,0.00473185177680362,-0.6068074854239516,-0.45762473211938487,-0.6810019236176249,0.1790116746592638,-0.6393083206170549
2006-01-07,-0.5036599437130667,0.145981159510827,-0.5355970936101194,-0.3598938763544337,-0.7791007314053318,0.1790116746592638,-0.3647526092748445
2006-01-07,-0.43150235865388803,0.2670519947114195,-0.5355970936101194,-0.31102844847195726,-0.8771995391930386,-0.4190228732002245,-0.11332151454108678
2006-01-07,-0.35934477359470945,0.38812282991201197,-0.5355970936101194,-0.26216302058948254,-0.9752983469807454,0.6773737978755218,-0.030719938685250768
2006-01-07,-0.2871871885355308,0.6706214453800601,-0.5593338908813957,-0.13999945088329316,-1.2695947713248534,0.1790116746592638,0.09632837708138715
2006-01-07,-0.21502960347635225,0.9531200608481083,-0.5830706881526736,-0.01783588117710375,-1.5638911937069864,0.1790116746592638,0.10394855892373643
2006-01-07,-0.14287201841717365,0.8522276981809481,-0.6068074854239516,-0.09113402300081669,-1.514841789813133,0.1790116746592638,0.10257982588340031
2006-01-07,-0.07071443335799506,0.751335335513788,-0.6305442826952294,-0.16443216482453138,-1.4657923859192796,0.1790116746592638,0.08180834455743097
2006-01-07,0.001443151701183541,0.9934770059149729,-0.5118602963388416,0.0065968327641344774,-1.5638911937069864,2.1724601675242603,0.04081940188804609
2006-01-07,0.07360073676036213,1.2356186763161578,-0.3931763099824536,0.17762583035280033,-1.6619900014946933,0.8767186471620179,0.036741292135739186
2006-01-07,0.14575832181954074,1.1750832587158608,-0.3931763099824536,0.1531931164115621,-1.6129405976008397,0.8767186471620179,0.017365520701801612
2006-01-07,0.21791590687871934,1.1145478411155654,-0.3931763099824536,0.1287604024703239,-1.5638911946879746,0.8767186471620179,-0.017572010465277524
2006-01-07,0.29007349193789794,1.2356186763161578,-0.4643867017962857,0.1531931164115621,-1.7600888092824,0.4780289485890256,-0.06962769242543308
2006-01-07,0.3622310769970765,1.356689511516749,-0.5355970936101194,0.17762583035280033,-1.9562864248578138,0.07933925001603345,-0.11593874113255388
2006-01-07,0.43438866205625515,1.2759756213830211,-0.3694395127111757,0.22649125823527505,-1.7110394044075585,0.7770462225187521,-0.12409382789258422
2006-01-07,0.5065462471154337,1.1952617312492932,-0.20328193181223195,0.2753566861177515,-1.4657923859192796,0.8767186471620179,-0.09278153114717068
2006-01-07,0.5787038321746123,1.1952617312492932,-0.4643867017962857,0.1287604024703239,-1.7110394063695349,0.8767186471620179,-0.07592971018214016
2006-01-07,0.6508614172337909,1.1952617312492932,-0.7254914717803395,-0.01783588117710375,-1.9562864238768256,1.574425619664772,-0.05223534327496073
2006-01-07,0.7230190022929696,1.1145478411155654,-0.6305442826952294,0.0065968327641344774,-1.8091382131762535,0.8767186471620179,-0.15589271260510007
2006-01-07,0.7951765873521481,1.0338339509818375,-0.5355970936101194,0.031029546705372706,-1.6619900014946933,1.8734428935945338,-0.13270178998325527
2006-01-07,0.8673341724113267,0.751335335513788,-0.3457027154398978,0.0065968327641344774,-1.220545365469025,0.8767186471620179,-0.16054168517313705
2006-01-07,0.9394917574705053,0.4688367200457398,-0.1558083372696778,-0.01783588117710375,-0.7791007314053318,0.7770462225187521,-0.19766491444244974
2006-01-07,1.011649342529684,0.145981159510827,-0.013387553642011963,-0.06670130905957847,-0.23955728661096784,-0.7180401471299863,-0.24452660512595042
2006-01-07,1.0838069275888624,-0.1768744010240844,0.12903322998565386,-0.11556673694205492,0.29998615720240723,-3.807885311070729,-0.3575830507590202
2006-01-07,1.1559645126480411,-0.5199084340924295,0.15277002725693178,-0.23773030664824432,0.7414307893041242,0.1790116746592638,-0.3287733576411059
2006-01-07,1.2281220977072196,-0.8629424671607746,0.176506824528208,-0.3598938763544337,1.1828754243488049,0.2786840993025295,-0.17019248698999803
2006-01-07,1.3002796827663983,-0.7620501044936144,0.20024362179948593,-0.31102844847195726,1.0847766165610981,0.2786840993025295,-0.26439907831792897
2006-01-07,1.372437267825577,-0.6611577418264543,0.22398041907076385,-0.26216302058948254,0.9866778087733913,-0.7180401471299863,-0.31136527817446064
2006-01-07,1.4445948528847554,-0.4997299615589972,-0.22701872908350987,-0.45762473211938487,0.2999861522974671,-3.7082128864274986,-0.3820089818774129
2006-01-07,1.516752437943934,-0.3383021812915415,-0.6780178772377836,-0.653086443649289,-0.3867055002545044,0.1790116746592638,-0.44267149992618193
2006-01-07,1.5889100230031126,-0.3383021812915415,-0.6305442826952294,-0.6286537297080508,-0.33765609636065097,0.1790116746592638,-0.4332285904533242
2006-01-07,1.6610676080622913,-0.3383021812915415,-0.5830706881526736,-0.6042210157668125,-0.28860669246679754,0.1790116746592638,-0.6052484440000316
2006-01-07,1.73322519312147,-0.3383021812915415,-0.4643867017962857,-0.5309228739430996,-0.14145848078523732,0.1790116746592638,-0.7447176210411327
2006-01-08,-1.658181304659924,-0.3383021812915415,-0.3457027154398978,-0.45762473211938487,0.0056897308963229426,0.1790116746592638,-0.8841778035508255
2006-01-08,-1.5860237196007456,-0.3786591263584047,-0.22701872908350987,-0.4087593042369102,0.1528379425778832,0.1790116746592638,-1.0115317850497318
2006-01-08,-1.513866134541567,-0.41901607142526937,-0.10833474272712196,-0.3598938763544337,0.29998615524043093,0.1790116746592638,-1.1654378390256916
2006-01-08,-1.4417085494823885,-0.45937301649213397,-0.03712435091328988,-0.3354611624131955,0.4471343659410037,0.1790116746592638,-1.3501752183051965
2006-01-08,-1.3695509644232098,-0.4997299615589972,0.03408604090054388,-0.31102844847195726,0.594282577622564,0.1790116746592638,-1.5221917005882584
2006-01-08,-1.297393379364031,-0.41901607142526937,0.010349243629265958,-0.2865957345307208,0.4471343659410037,0.1790116746592638,-1.5772601662460113
2006-01-08,-1.2252357943048526,-0.3383021812915415,-0.013387553642011963,-0.26216302058948254,0.29998615425944347,0.1790116746592638,-1.660020191493216
2006-01-08,-1.153078209245674,-0.35848065382497385,-0.0608611481845678,-0.31102844847195726,0.29998615425944347,0.1790116746592638,-1.678927364022866
2006-01-08,-1.0809206241864955,-0.3786591263584047,-0.10833474272712196,-0.3598938763544337,0.29998615425944347,0.1790116746592638,-1.7163124325970478
2006-01-08,-1.0087630391273168,-0.41901607142526937,-0.08459794545584404,-0.3598938763544337,0.34903555815329684,0.1790116746592638,-1.681828896020141
2006-01-08,-0.9366054540681382,-0.45937301649213397,-0.0608611481845678,-0.3598938763544337,0.39808496204715027,0.1790116746592638,-1.6871858339538683
2006-01-08,-0.8644478690089596,-0.3786591263584047,-0.10833474272712196,-0.3354611624131955,0.25093675036559004,0.1790116746592638,-1.6093871827917343
2006-01-08,-0.7922902839497811,-0.2979452362246769,-0.1558083372696778,-0.31102844847195726,0.10378853868402978,0.1790116746592638,-1.542939576326177
2006-01-08,-0.7201326988906024,-0.11633898342378886,-0.17954513454095572,-0.26216302058948254,-0.14145848176622478,0.1790116746592638,-1.4037412263788263
2006-01-08,-0.6479751138314238,0.06526726937709915,-0.20328193181223195,-0.2132975927070061,-0.38670550123549186,0.1790116746592638,-1.1704553985906891
2006-01-08,-0.5758175287722452,0.20651657711112395,-0.2744923236260657,-0.18886487876576788,-0.582903115829918,0.1790116746592638,-0.9621382753679746
2006-01-08,-0.5036599437130667,0.3477658848451473,-0.3457027154398978,-0.16443216482453138,-0.7791007314053318,0.1790116746592638,-0.6927552084610114
2006-01-08,-0.43150235865388803,0.5899075552463323,-0.3694395127111757,-0.06670130905957847,-1.0733971557494397,-4.206575009643757,-0.4815635233501913
2006-01-08,-0.35934477359470945,0.8320492256475173,-0.3931763099824536,0.031029546705372706,-1.3676935781315727,0.07933925001603345,-0.3382443632251904
2006-01-08,-0.2871871885355308,1.0136554784484053,-0.48812349906756364,0.05546226064661093,-1.5638911946879746,0.8767186471620179,-0.1393038434619415
2006-01-08,-0.21502960347635225,1.1952617312492932,-0.5830706881526736,0.07989497458784742,-1.7600888102633883,0.8767186471620179,-0.12136310433920443
2006-01-08,-0.14287201841717365,1.2961540939164533,-0.5830706881526736,0.1287604024703239,-1.8581876170701068,0.1790116746592638,-0.04897982859484037
2006-01-08,-0.07071443335799506,1.3970464565836136,-0.5830706881526736,0.17762583035280033,-1.9562864248578138,0.8767186471620179,-0.04831119239084584
2006-01-08,0.001443151701183541,1.4979388192507737,-0.5355970936101194,0.2509239721765133,-2.0053358287516674,0.1790116746592638,0.06215387750039428
2006-01-08,0.07360073676036213,1.598831181917934,-0.48812349906756364,0.3242221140002262,-2.0543852326455205,0.8767186471620179,0.005989751157643565
2006-01-08,0.14575832181954074,1.518117291784206,-0.4406499045250078,0.29978940005898974,-1.9562864248578138,0.577701373232256,0.025809410133341988
2006-01-08,0.21791590687871934,1.4374034016504782,-0.3931763099824536,0.2753566861177515,-1.8581876160891189,0.8767186471620179,-0.0074604647884245956
2006-01-08,0.29007349193789794,1.3163325664498857,-0.3457027154398978,0.2509239721765133,-1.7110394053885467,0.8767186471620179,-0.016725823290095167
2006-01-08,0.3622310769970765,1.1952617312492932,-0.2982291208973436,0.22649125823527505,-1.5638911937069864,0.1790116746592638,0.018638732357987204
2006-01-08,0.43438866205625515,1.2961540939164533,-0.20328193181223195,0.3242221140002262,-1.5638911937069864,0.1790116746592638,0.027270293294181798
2006-01-08,0.5065462471154337,1.3970464565836136,-0.10833474272712196,0.42195296976517915,-1.5638911937069864,0.1790116746592638,0.05705203634424309
2006-01-08,0.5787038321746123,1.2154402037827257,-0.17954513454095572,0.29978940005898974,-1.4657923859192796,0.1790116746592638,0.06849410515926675
2006-01-08,0.6508614172337909,1.0338339509818375,-0.25075552635478776,0.17762583035280033,-1.3676935771505854,0.1790116746592638,0.056378902874545375
2006-01-08,0.7230190022929696,0.9329415883146774,-0.17954513454095572,0.17762583035280033,-1.2205453664500125,0.1790116746592638,-0.007609926390913424
2006-01-08,0.7951765873521481,0.8320492256475173,-0.10833474272712196,0.17762583035280033,-1.0733971547684522,0.1790116746592638,0.04028449022783913
2006-01-08,0.8673341724113267,0.6907999179134925,-0.25075552635478776,0.031029546705372706,-1.0733971547684522,0.1790116746592638,0.03680085562183825
2006-01-08,0.9394917574705053,0.5495506101794676,-0.3931763099824536,-0.11556673694205492,-1.0733971547684522,0.1790116746592638,0.027188256964616155
2006-01-08,1.011649342529684,0.42847977497887657,-0.3931763099824536,-0.16443216482453138,-0.926248943086892,0.1790116746592638,-0.040865196998564675
2006-01-08,1.0838069275888624,0.3074089397782841,-0.3931763099824536,-0.2132975927070061,-0.7791007304243442,0.1790116746592638,-0.05515148632887836
2006-01-08,1.1559645126480411,0.2670519947114195,-0.3457027154398978,-0.18886487876576788,-0.6810019236176249,0.1790116746592638,-0.06317621980876552
2006-01-08,1.2281220977072196,0.22669504964455625,-0.2982291208973436,-0.16443216482453138,-0.582903115829918,0.1790116746592638,0.07942711316372152
2006-01-08,1.3002796827663983,0.1661596320442593,-0.3931763099824536,-0.26216302058948254,-0.6319525197237715,0.1790116746592638,-0.07967068682730524
2006-01-08,1.372437267825577,0.10562421444396378,-0.48812349906756364,-0.3598938763544337,-0.6810019236176249,0.3783565239457599,-0.23444202955826726
2006-01-08,1.4445948528847554,0.045088796843666824,-0.5355970936101194,-0.4087593042369102,-0.6810019236176249,0.577701373232256,-0.3051363022159116
2006-01-08,1.516752437943934,-0.0154466207566287,-0.5830706881526736,-0.45762473211938487,-0.6810019236176249,-3.907557735713995,-0.42256752880214954
2006-01-08,1.5889100230031126,-0.07598203835692423,-0.6068074854239516,-0.5064901600018613,-0.6319525197237715,-1.1167298457029786,-0.41696224336066495
2006-01-08,1.6610676080622913,-0.13651745595722117,-0.6305442826952294,-0.555355587884336,-0.582903115829918,0.1790116746592638,-0.6014490298708245
2006-01-08,1.73322519312147,-0.23740981862438135,-0.48812349906756364,-0.5064901600018613,-0.2886066914858101,0.1790116746592638,-0.7656801383928747
2006-01-09,-1.658181304659924,-0.3383021812915415,-0.3457027154398978,-0.45762473211938487,0.0056897308963229426,0.1790116746592638,-0.8737426233064699
2006-01-09,-1.5860237196007456,-0.398837598891837,-0.3694395127111757,-0.5064901600018613,0.0056897308963229426,0.1790116746592638,-1.0113508628148977
2006-01-09,-1.513866134541567,-0.45937301649213397,-0.3931763099824536,-0.555355587884336,0.005689731877310405,0.1790116746592638,-1.1417322323255166
2006-01-09,-1.4417085494823885,-0.45937301649213397,-0.2982291208973436,-0.5064901600018613,0.10378853868402978,0.1790116746592638,-1.3136453314376058
2006-01-09,-1.3695509644232098,-0.45937301649213397,-0.20328193181223195,-0.45762473211938487,0.20188734647173662,0.1790116746592638,-1.4324778776985831
2006-01-09,-1.297393379364031,-0.4795514890255649,-0.13207153999839988,-0.4087593042369102,0.34903555815329684,0.1790116746592638,-1.5237267448067855
2006-01-09,-1.2252357943048526,-0.4997299615589972,-0.0608611481845678,-0.3598938763544337,0.4961837698348571,0.1790116746592638,-1.5374713866921268
2006-01-09,-1.153078209245674,-0.5602653791592942,-0.03712435091328988,-0.38432659029567195,0.594282577622564,0.1790116746592638,-1.5788233065757658
2006-01-09,-1.0809206241864955,-0.6208007967595897,-0.013387553642011963,-0.4087593042369102,0.6923813863912582,0.1790116746592638,-1.5023675443468563
2006-01-09,-1.0087630391273168,-0.640979269293022,0.176506824528208,-0.2865957345307208,0.9376284048795379,0.1790116746592638,-1.3683317183012869
2006-01-09,-0.9366054540681382,-0.6611577418264543,0.3664012026984297,-0.16443216482453138,1.1828754243488049,0.1790116746592638,-1.1661592894459676
2006-01-09,-0.8644478690089596,-0.5400869066258618,0.6749795672250376,0.07989497458784742,1.379073040905206,-4.704937132859979,-0.8400288608429425
2006-01-09,-0.7922902839497811,-0.41901607142526937,0.9835579317516472,0.3242221140002262,1.5752706554996323,-1.5154195442759708,-0.5242729364811695
2006-01-09,-0.7201326988906024,-0.27776676369124453,1.1497155126505894,0.49525111158889207,1.5752706554996323,0.1790116746592638,-0.26658478316269024
2006-01-09,-0.6479751138314238,-0.13651745595722117,1.315873093549533,0.666280109177558,1.5752706545186448,-1.9141092428489983,0.028299647965786837
2006-01-09,-0.5758175287722452,0.06526726937709915,1.3633466880920873,0.7884436788837473,1.3300236360303652,-0.7180401471299863,0.2973197444010239
2006-01-09,-0.5036599437130667,0.2670519947114195,1.410820282634643,0.9106072485899367,1.0847766165610981,0.9763910718052836,0.5238911410080938
2006-01-09,-0.43150235865388803,0.40830130244544427,1.410820282634643,0.9594726764724114,0.888579000004697,1.8734428935945338,0.7954677745466413
2006-01-09,-0.35934477359470945,0.5495506101794676,1.410820282634643,1.0083381043548878,0.6923813854102708,0.1790116746592638,0.912824833332663
2006-01-09,-0.2871871885355308,0.9329415883146774,1.482030674448475,1.2037998158847902,0.3490355571723094,0.1790116746592638,1.0191926986343047
2006-01-09,-0.21502960347635225,1.3163325664498857,1.5532410662623088,1.3992615274146942,0.005689728934346625,0.1790116746592638,1.0498206288595497
2006-01-09,-0.14287201841717365,1.457581874183909,1.3633466880920873,1.350396099532218,-0.33765609636065097,0.1790116746592638,1.072529460779996
2006-01-09,-0.07071443335799506,1.598831181917934,1.1734523099218672,1.3015306716497415,-0.6810019236176249,0.1790116746592638,1.143263069341864
2006-01-09,0.001443151701183541,1.840972852319119,1.078505120836757,1.3259633855909796,-1.0243477518555864,0.1790116746592638,1.22894373490869
2006-01-09,0.07360073676036213,2.0831145227203023,0.9835579317516472,1.350396099532218,-1.3676935781315727,0.1790116746592638,1.2134561497182899
2006-01-09,0.14575832181954074,2.0024006325865744,1.0310315262942014,1.350396099532218,-1.2205453664500125,0.1790116746592638,1.2724364072076317
2006-01-09,0.21791590687871934,1.9216867424528468,1.078505120836757,1.350396099532218,-1.0733971557494397,0.1790116746592638,1.3392121455063954
2006-01-09,0.29007349193789794,2.0831145227203023,1.0310315262942014,1.374828813473456,-1.269594770343866,0.1790116746592638,1.3750981277600998
2006-01-09,0.3622310769970765,2.2445423029877594,0.9835579317516472,1.3992615274146942,-1.4657923859192796,0.1790116746592638,1.3767084657809001
2006-01-09,0.43438866205625515,2.16382841285403,0.9835579317516472,1.374828813473456,-1.4167429820254263,0.1790116746592638,1.4166635565129768
2006-01-09,0.5065462471154337,2.0831145227203023,0.9835579317516472,1.350396099532218,-1.3676935781315727,0.1790116746592638,1.462209328372422
2006-01-09,0.5787038321746123,1.6593665995182294,1.197189107193145,1.3259633855909796,-0.730051325549502,0.1790116746592638,1.501712676518442
2006-01-09,0.6508614172337909,1.2356186763161578,1.410820282634643,1.3015306716497415,-0.09240907787237135,0.1790116746592638,1.5210007950975792
2006-01-09,0.7230190022929696,1.2356186763161578,1.197189107193145,1.1549343880023155,-0.28860669246679754,0.1790116746592638,1.4713993930718194
2006-01-09,0.7951765873521481,1.2356186763161578,0.9835579317516472,1.0083381043548878,-0.48480430804221125,0.1790116746592638,1.4171658747962521
2006-01-09,0.8673341724113267,1.0943693685821332,1.1022419181080352,1.0327708182961262,-0.23955728759195669,0.1790116746592638,1.1979887921097685
2006-01-09,0.9394917574705053,0.9531200608481083,1.220925904464423,1.0572035322373625,0.0056897308963229426,0.1790116746592638,1.0949663463471626
2006-01-09,1.011649342529684,0.7916922805806526,1.2683994990069771,1.0327708182961262,0.2509367513465775,0.1790116746592638,0.8911060336646542
2006-01-09,1.0838069275888624,0.6302645003131969,1.315873093549533,1.0083381043548878,0.4961837708158446,0.1790116746592638,0.7201323978503094
2006-01-09,1.1559645126480411,0.5697290827128999,1.410820282634643,1.0327708182961262,0.6923813854102708,2.8701671400270143,0.6838508584904758
2006-01-09,1.2281220977072196,0.5091936651126044,1.505767471719753,1.0572035322373625,0.8885790009856844,0.1790116746592638,0.7699742788544769
2006-01-09,1.3002796827663983,0.5091936651126044,1.505767471719753,1.0572035322373625,0.8885790009856844,0.1790116746592638,0.6882009078535364
2006-01-09,1.372437267825577,0.5091936651126044,1.505767471719753,1.0572035322373625,0.8885790009856844,0.1790116746592638,0.4827302571502276
2006-01-09,1.4445948528847554,0.4486582475123075,1.505767471719753,1.0327708182961262,0.9866778087733913,0.1790116746592638,0.5088395680875775
2006-01-09,1.516752437943934,0.38812282991201197,1.505767471719753,1.0083381043548878,1.0847766165610981,-0.020333174627232303,0.29010636620032637
2006-01-09,1.5889100230031126,0.3477658848451473,1.458293877177199,0.9594726764724114,1.0847766165610981,0.1790116746592638,0.21881987040049056
2006-01-09,1.6610676080622913,0.3074089397782841,1.410820282634643,0.9106072485899367,1.0847766165610981,0.07933925001603345,0.01428755699286907
2006-01-09,1.73322519312147,0.2670519947114195,1.3870834853633651,0.8861745346486986,1.0847766165610981,0.4780289485890256,-0.11634441877214934
2006-01-10,-1.658181304659924,0.22669504964455625,1.3633466880920873,0.8617418207074603,1.0847766165610981,-0.5186952978434902,-0.28255220705037304
2006-01-10,-1.5860237196007456,0.22669504964455625,1.410820282634643,0.8861745346486986,1.1338260204549515,0.1790116746592638,-0.4624360926814839
2006-01-10,-1.513866134541567,0.22669504964455625,1.458293877177199,0.9106072485899367,1.1828754243488049,0.1790116746592638,-0.6376361738485663
2006-01-10,-1.4417085494823885,0.145981159510827,1.410820282634643,0.837309106766222,1.2319248282426585,0.1790116746592638,-0.8706612883338918
2006-01-10,-1.3695509644232098,0.06526726937709915,1.3633466880920873,0.7640109649425091,1.2809742321365118,0.1790116746592638,-1.0845578528909794
2006-01-10,-1.297393379364031,0.08544574191053146,1.410820282634643,0.8128763928249838,1.3300236360303652,0.1790116746592638,-1.1974760767145571
2006-01-10,-1.2252357943048526,0.10562421444396378,1.458293877177199,0.8617418207074603,1.3790730399242186,0.1790116746592638,-1.2771356654093646
2006-01-10,-1.153078209245674,0.06526726937709915,1.410820282634643,0.8128763928249838,1.3790730399242186,0.1790116746592638,-1.276931144329007
2006-01-10,-1.0809206241864955,0.02491032431023594,1.3633466880920873,0.7640109649425091,1.3790730399242186,0.1790116746592638,-1.2523074346575498
2006-01-10,-1.0087630391273168,0.02491032431023594,1.3633466880920873,0.7640109649425091,1.3790730399242186,0.1790116746592638,-1.1326118449031588
2006-01-10,-0.9366054540681382,0.02491032431023594,1.3633466880920873,0.7640109649425091,1.3790730399242186,0.1790116746592638,-0.9833817336044044
2006-01-10,-0.8644478690089596,0.1258026869773961,1.315873093549533,0.7884436788837473,1.1828754233678176,0.1790116746592638,-0.6709150365592134
2006-01-10,-0.7922902839497811,0.22669504964455625,1.2683994990069771,0.8128763928249838,0.9866778087733913,-1.3160746949894746,-0.28206899708944344
2006-01-10,-0.7201326988906024,0.4688367200457398,1.339609890820811,0.9350399625311733,0.7414307883231367,-2.5121437907084867,0.006347105104135587
2006-01-10,-0.6479751138314238,0.7109783904469248,1.410820282634643,1.0572035322373625,0.49618376885386967,1.7737704689512679,0.34507144868710715
2006-01-10,-0.5758175287722452,0.8925846432478127,1.3633466880920873,1.106068960119839,0.25093675036559004,0.1790116746592638,0.6834193367437694
2006-01-10,-0.5036599437130667,1.0741908960487008,1.315873093549533,1.1549343880023155,0.0056897308963229426,0.1790116746592638,0.9699947222440242
2006-01-10,-0.43150235865388803,1.3365110389833181,1.3633466880920873,1.3015306716497415,-0.2395572895539316,0.1790116746592638,1.2303113419469673
2006-01-10,-0.35934477359470945,1.598831181917934,1.410820282634643,1.448126955297169,-0.48480430804221125,0.1790116746592638,1.4015546788530038
2006-01-10,-0.2871871885355308,1.8611513248525497,1.458293877177199,1.5702905250033585,-0.7300513284924658,0.1790116746592638,1.5301852432717418
2006-01-10,-0.21502960347635225,2.123471467787167,1.505767471719753,1.6924540947095479,-0.975298345999758,0.1790116746592638,1.6548972733315996
2006-01-10,-0.14287201841717365,1.9216867424528468,1.410820282634643,1.5458578110621202,-0.8281501352991851,0.1790116746592638,1.6844340401375513
2006-01-10,-0.07071443335799506,1.7199020171185264,1.315873093549533,1.3992615274146942,-0.6810019236176249,0.1790116746592638,1.7766661969708986
2006-01-10,0.001443151701183541,1.941865214986279,1.315873093549533,1.4969923831796454,-0.9262489440678795,0.1790116746592638,1.7965409154244658
2006-01-10,0.07360073676036213,2.16382841285403,1.315873093549533,1.5947232389445967,-1.1714959625561592,0.1790116746592638,1.8946458135294006
2006-01-10,0.14575832181954074,2.0831145227203023,1.5769778635335867,1.7413195225920244,-0.8281501343181977,0.1790116746592638,2.028435537328801
2006-01-10,0.21791590687871934,2.0024006325865744,1.8380826335176388,1.8879158062394519,-0.48480430804221125,0.1790116746592638,2.1402378728855043
2006-01-10,0.29007349193789794,2.0831145227203023,1.9330298226027505,1.961213948063165,-0.48480430804221125,0.1790116746592638,2.17481917610815
2006-01-10,0.3622310769970765,2.16382841285403,2.0279770116878604,2.034512089886878,-0.48480430804221125,0.1790116746592638,2.229331383264288
2006-01-10,0.43438866205625515,2.16382841285403,2.0517138089591382,2.058944803828116,-0.48480430804221125,0.1790116746592638,2.2189557597635057
2006-01-10,0.5065462471154337,2.16382841285403,2.0754506062304148,2.083377517769354,-0.48480430804221125,0.1790116746592638,2.348871894890957
2006-01-10,0.5787038321746123,2.1032929952537347,2.1466609980442484,2.1078102317105927,-0.33765609636065097,0.1790116746592638,2.485814876201563
2006-01-10,0.6508614172337909,2.0427575776534392,2.2178713898580806,2.132242945651831,-0.1905078856600782,0.1790116746592638,2.553458155259445
2006-01-10,0.7230190022929696,2.123471467787167,2.0517138089591382,2.058944803828116,-0.4357549041483578,0.1790116746592638,2.4791791033438875
2006-01-10,0.7951765873521481,2.204185357920895,1.8855562280601947,1.985646662004403,-0.6810019236176249,0.1790116746592638,2.4398533129115827
2006-01-10,0.8673341724113267,1.941865214986279,1.9092930253314726,1.8879158062394519,-0.38670549927351694,0.1790116746592638,2.1972122285053883
2006-01-10,0.9394917574705053,1.6795450720516618,1.9330298226027505,1.790184950474499,-0.09240907689138389,0.1790116746592638,2.06949977380046
2006-01-10,1.011649342529684,1.4172249291170458,1.9092930253314726,1.6680213807683095,0.20188734745272408,0.1790116746592638,1.8596363665662223
2006-01-10,1.0838069275888624,1.1549047861824286,1.8855562280601947,1.5458578110621202,0.4961837708158446,0.1790116746592638,1.7136685124748794
2006-01-10,1.1559645126480411,1.0943693685821332,1.9092930253314726,1.5458578110621202,0.594282577622564,0.1790116746592638,1.6018212244887196
2006-01-10,1.2281220977072196,1.0338339509818375,1.9330298226027505,1.5458578110621202,0.6923813854102708,0.1790116746592638,1.6847093577544776
2006-01-10,1.3002796827663983,1.0136554784484053,1.9092930253314726,1.5214250971208838,0.6923813854102708,0.1790116746592638,1.4916561970619864
2006-01-10,1.372437267825577,0.9934770059149729,1.8855562280601947,1.4969923831796454,0.6923813854102708,0.1790116746592638,1.2755390890216176
2006-01-10,1.4445948528847554,0.9329415883146774,1.8855562280601947,1.4725596692384073,0.7904801931979776,0.1790116746592638,1.1918946666970647
2006-01-10,1.516752437943934,0.8724061707143804,1.8855562280601947,1.448126955297169,0.8885790009856844,0.1790116746592638,0.9084466878583762
2006-01-10,1.5889100230031126,0.8724061707143804,1.8618194307889167,1.448126955297169,0.8395295970918311,0.1790116746592638,0.769006726188033
2006-01-10,1.6610676080622913,0.8724061707143804,1.8380826335176388,1.448126955297169,0.7904801931979776,0.1790116746592638,0.5365041575678601
2006-01-10,1.73322519312147,0.7715138080472203,1.6956618498899747,1.3015306716497415,0.7414307893041242,0.8767186471620179,0.29489805784355977
2006-01-11,-1.658181304659924,0.6706214453800601,1.5532410662623088,1.1549343880023155,0.6923813854102708,0.577701373232256,0.10733218162241072
2006-01-11,-1.5860237196007456,0.6100860277797646,1.5769778635335867,1.1549343880023155,0.8395295970918311,-3.5088680371410024,-0.10675541896045018
2006-01-11,-1.513866134541567,0.5495506101794676,1.600714660804863,1.1549343880023155,0.9866778087733913,-2.6118162153517526,-0.3157175795416364
2006-01-11,-1.4417085494823885,0.5495506101794676,1.6719250526186968,1.2037998158847902,1.0357272126672448,0.1790116746592638,-0.6033908777310046
2006-01-11,-1.3695509644232098,0.5495506101794676,1.7431354444325289,1.2526652437672667,1.0847766165610981,0.1790116746592638,-0.8092750678607318
2006-01-11,-1.297393379364031,0.5899075552463323,1.6956618498899747,1.2282325298260284,0.9866778087733913,0.1790116746592638,-0.9265444737919547
2006-01-11,-1.2252357943048526,0.6302645003131969,1.6481882553474188,1.2037998158847902,0.8885790009856844,0.1790116746592638,-1.0235537112118918
2006-01-11,-1.153078209245674,0.6100860277797646,1.6244514580761409,1.179367101943552,0.8885790009856844,0.1790116746592638,-1.0220209122549528
2006-01-11,-1.0809206241864955,0.5899075552463323,1.600714660804863,1.1549343880023155,0.888579000004697,0.1790116746592638,-1.0358307274091016
2006-01-11,-1.0087630391273168,0.6504429728466278,1.600714660804863,1.179367101943552,0.7904801931979776,0.1790116746592638,-0.8790748363926169
2006-01-11,-0.9366054540681382,0.7109783904469248,1.600714660804863,1.2037998158847902,0.6923813854102708,0.1790116746592638,-0.7530435162450578
2006-01-11,-0.8644478690089596,0.7916922805806526,1.600714660804863,1.2282325298260284,0.594282577622564,-3.907557735713995,-0.46920334482135834
2006-01-11,-0.7922902839497811,0.8724061707143804,1.600714660804863,1.2526652437672667,0.4961837698348571,-0.4190228732002245,-0.08704476642348594
2006-01-11,-0.7201326988906024,1.1750832587158608,1.529504268991031,1.3259633855909796,0.10378853770304232,0.3783565239457599,0.28947144263279406
2006-01-11,-0.6479751138314238,1.4777603507530364,1.458293877177199,1.3992615274146942,-0.2886066963907502,0.1790116746592638,0.7173027816491346
2006-01-11,-0.5758175287722452,2.0831145227203023,1.4345570799059209,1.6191559528858348,-0.926248943086892,0.1790116746592638,1.1245930112695015
2006-01-11,-0.5036599437130667,2.6884686987232636,1.410820282634643,1.8390503783569754,-1.5638911937069864,0.1790116746592638,1.5457537387896485
2006-01-11,-0.43150235865388803,-0.0709374202235665,1.078505120836757,1.9367812341219266,-2.3486816579706176,0.1790116746592638,1.9436718554737271
2006-01-11,-0.35934477359470945,-0.06589280209020879,0.7461899590388713,2.034512089886878,-0.14145848103048453,0.1790116746592638,2.154759031411517
2006-01-11,-0.2871871885355308,-0.0709374202235665,1.1259787153793113,2.0100793759456415,-2.348681654046665,0.1790116746592638,2.3369758314857614
2006-01-11,-0.21502960347635225,-0.07345972929024465,1.505767471719753,1.985646662004403,-1.5638911937069864,0.1790116746592638,2.404531457688843
